{"count":1,"gauges":{"3DBall.CumulativeReward":{"count":1,"max":77.79937,"min":77.79937,"value":77.79937,"weightedAverage":77.79937}},"self":102.3108352,"total":103.74280329999999,"children":{"AgentSendState":{"count":4970,"self":0.1200107,"total":0.16443539999999998,"children":{"CollectObservations":{"count":11928,"self":0.0444247,"total":0.0444247,"children":null}}},"DecideAction":{"count":4970,"self":1.1589224,"total":1.1589224,"children":null},"AgentAct":{"count":4970,"self":0.10761079999999999,"total":0.10761079999999999,"children":null}}}