{"count":1,"gauges":{},"self":2.1118859999999997,"total":2.1161977999999997,"children":{"AgentSendState":{"count":99,"self":0.0010086,"total":0.0010086,"children":null},"DecideAction":{"count":99,"self":0.0018686999999999998,"total":0.0018686999999999998,"children":null},"AgentAct":{"count":99,"self":0.00042889999999999996,"total":0.00042889999999999996,"children":null}}}