{"count":1,"gauges":{"ArcherBrain.CumulativeReward":{"count":1,"max":0.5,"min":0.5,"value":0.5,"weightedAverage":0.5},"SwordsmanBrain.CumulativeReward":{"count":1,"max":-2.15030813,"min":-2.15030813,"value":-2.15030813,"weightedAverage":-2.15030813}},"self":21.0860944,"total":21.4393039,"children":{"AgentSendState":{"count":1064,"self":0.0151889,"total":0.0176605,"children":{"CollectObservations":{"count":426,"self":0.0024716,"total":0.0024716,"children":null}}},"DecideAction":{"count":1064,"self":0.3176002,"total":0.3176002,"children":null},"AgentAct":{"count":1064,"self":0.016945699999999998,"total":0.016945699999999998,"children":null}}}